AccountNo,AccountHoldersName,LastName,PhoneNumber, WithdrawalAmount , DepositAmount ,BALANCE AMOUNT
1234560123,Abhiram,KUKUNURI,98058,1000.0,30000.0,22000
1234560122,Praveen,Ganji,9805889058,1000.0,0.0,50000
1234560124,Rohit,Sangati,9805889059,5000.0,30000.0,222000
1234560125,Tyesha,Freitag,9805889060,,,331000
1234560126,Dean,Stoecker,9805889061,,,375000
1234560127,Annelle,Pickney,9805889062,,,326000
1234560128,Margareta,Tacy,9805889063,,,321000
1234560129,Meghann,Placencia,9805889064,,,404000
1234560130,Kendrick,Cieslak,9805889065,,,67000
1234560131,Polly,Isenberg,9805889066,,,419000
1234560132,Evelyne,Racicot,9805889067,,,238000
1234560133,Augustus,Delaune,9805889068,,,436000
1234560134,Shawanda,Client,9805889069,,,289000
1234560135,Loura,Coffield,9805889070,,,393000
1234560136,Lorriane,Machin,9805889071,,,392000
1234560137,Lacey,Osier,9805889072,,,122000
1234560138,Nicki,Malchow,9805889073,,,149000
1234560139,Sidney,Bodiford,9805889074,,,323000
1234560140,Barbie,Cun,9805889075,,,448000
1234560141,Elden,Hanshaw,9805889076,,,361000
1234560142,Blossom,Loggins,9805889077,,,110000
1234560143,Joseph,Dennie,9805889078,,,199000
1234560144,Pattie,Markley,9805889079,,,393000
1234560145,Genevieve,Spahn,9805889080,,,278000
1234560146,Luciano,Jaworski,9805889081,,,122000
1234560147,Noe,Mahler,9805889082,,,239000
1234560148,Karri,Bransford,9805889083,,,224000
1234560149,Larae,Bonney,9805889084,,,384000
1234560150,Sharita,Fierros,9805889085,,,281000
1234560151,Frederica,Perla,9805889086,,,297000
1234560152,Mara,Elder,9805889087,,,332000
1234560153,Enola,Volz,9805889088,,,428000
1234560154,Leslie,Mccardell,9805889089,,,308000
1234560155,Gina,Coria,9805889090,,,404000
1234560156,Marietta,Taing,9805889091,,,280000
1234560157,Karlyn,Buchholtz,9805889092,,,379000
1234560158,Herma,Renken,9805889093,,,195000
1234560159,Gertrud,Gillispie,9805889094,,,365000
1234560160,Kelsie,Lavoie,9805889095,,,196000
1234560161,Selena,Jenney,9805889096,,,298000
1234560162,Teri,Schooley,9805889097,,,373000
1234560163,Lizette,Campana,9805889098,,,267000
1234560164,Mayra,Luby,9805889099,,,394000
1234560165,Luisa,Finneran,9805889100,,,323000
1234560166,Genoveva,Herrod,9805889101,,,250000
1234560167,Tandra,Toon,9805889102,,,439000
1234560168,Zoe,Mangrum,9805889103,,,311000
1234560169,Marquerite,Salaam,9805889104,,,344000
1234560170,Alva,Fonte,9805889105,,,208000
1234560171,Maudie,Cage,9805889106,,,125000
1234560172,Hilde,Greaves,9805889107,,,457000
1234560173,Christiana,Rippe,9805889108,,,151000
1234560174,Bulah,Warr,9805889109,,,171000
1234560175,Azzie,Stolte,9805889110,,,428000
1234560176,Sharri,Whistler,9805889111,,,148000
1234560177,Rebecka,Holliman,9805889112,,,444000
1234560178,Bryce,Muse,9805889113,,,458000
1234560179,Merideth,Marcus,9805889114,,,228000
1234560180,Nova,Boden,9805889115,,,325000
1234560181,Granville,Watchman,9805889116,,,418000
1234560182,Marquerite,Dearborn,9805889117,,,463000
1234560183,Arielle,Ketcham,9805889118,,,220000
1234560184,Shona,Buggs,9805889119,,,449000
1234560185,Aleta,Ciesla,9805889120,,,318000
1234560186,Jenni,Wichman,9805889121,,,248000
1234560187,Cuc,Phinney,9805889122,,,237000
1234560188,Danica,Fleig,9805889123,,,491000
1234560189,Shaquana,Emigh,9805889124,,,430000
1234560190,Brinda,Master,9805889125,,,408000
1234560191,Janell,Hinojos,9805889126,,,356000
1234560192,Karri,Celestin,9805889127,,,253000
1234560193,Enid,Bouley,9805889128,,,409000
1234560194,Desire,Klenke,9805889129,,,206000
1234560195,Brian,Chamberlain,9805889130,,,180000
1234560196,Kristeen,Farabaugh,9805889131,,,419000
1234560197,Gilda,Vanatta,9805889132,,,107000
1234560198,Princess,Bumbrey,9805889133,,,482000
1234560199,Earlie,Townson,9805889134,,,222000
1234560200,Fumiko,Laliberte,9805889135,,,362000
1234560201,Sherie,Chason,9805889136,,,215000
1234560202,Gricelda,Maravilla,9805889137,,,158000
1234560203,Serafina,Knoll,9805889138,,,412000
1234560204,Sachiko,Younkin,9805889139,,,321000
1234560205,Jena,Noles,9805889140,,,305000
1234560206,Shelby,Wiser,9805889141,,,249000
1234560207,Margareta,Spies,9805889142,,,492000
1234560208,Dinorah,Furey,9805889143,,,393000
1234560209,Kiyoko,Lechuga,9805889144,,,213000
1234560210,Danny,Kreger,9805889145,,,259000
1234560211,Nolan,Fenwick,9805889146,,,202000
1234560212,Lesli,Unrein,9805889147,,,221000
1234560213,Donya,Bartle,9805889148,,,125000
1234560214,Palma,Flanery,9805889149,,,487000
1234560215,Kenny,Clothier,9805889150,,,182000
1234560216,Kristen,Lossing,9805889151,,,133000
1234560217,Karoline,Felix,9805889152,,,437000
1234560218,Alan,Voll,9805889153,,,229000
1234560219,Glenda,Woolfolk,9805889154,,,314000
1234560220,Alyson,Hosack,9805889155,,,234000
1234560221,Francis,Sines,9805889156,,,340000
1234560222,Riley,Bagnall,9805889157,,,210000
1234560223,Carmina,Camp,9805889158,,,300000
1234560224,Alethia,Tiemann,9805889159,,,381000
1234560225,Deborah,Molinar,9805889160,,,255000
1234560226,Marvella,Huckstep,9805889161,,,241000
1234560227,Sallie,Briley,9805889162,,,423000
1234560228,Scottie,Backer,9805889163,,,250000
1234560229,Beatriz,Kinsey,9805889164,,,165000
1234560230,Mason,Carrow,9805889165,,,452000
1234560231,Regenia,Blish,9805889166,,,297000
1234560232,Necole,Faria,9805889167,,,212000
1234560233,Samantha,Hadfield,9805889168,,,355000
1234560234,Lida,Sing,9805889169,,,320000
1234560235,Bette,Church,9805889170,,,453000
1234560236,Illa,Friscia,9805889171,,,318000
1234560237,Magdalena,Clabaugh,9805889172,,,180000
1234560238,Sol,Lemley,9805889173,,,259000
1234560239,Angelyn,Nave,9805889174,,,248000
1234560240,Lorie,Hempstead,9805889175,,,240000
1234560241,Darlena,Brubaker,9805889176,,,172000
1234560242,Ivory,Almonte,9805889177,,,331000
1234560243,Keva,Sauage,9805889178,,,282000
1234560244,Krystin,Morita,9805889179,,,274000
1234560245,Margarito,Hintzen,9805889180,,,211000
1234560246,Alanna,Gillispie,9805889181,,,108000
1234560247,Alayna,Rosenblatt,9805889182,,,235000
1234560248,Deeann,Thomsen,9805889183,,,131000
1234560249,Guy,Moulton,9805889184,,,440000
1234560250,Ming,Scudder,9805889185,,,284000
1234560251,Mickey,Espino,9805889186,,,486000
1234560252,Mellissa,Mortimore,9805889187,,,334000
1234560253,Lesia,Stoute,9805889188,,,150000
1234560254,Pauletta,Murton,9805889189,,,330000
1234560255,Solomon,Chamberlin,9805889190,,,218000
1234560256,Neville,Yocom,9805889191,,,127000
1234560257,Vera,Edmiston,9805889192,,,221000
1234560258,Lawerence,Amburn,9805889193,,,413000
1234560259,Cedrick,Agnew,9805889194,,,266000
1234560260,Melinda,Kuchta,9805889195,,,443000
1234560261,Alma,Gelinas,9805889196,,,127000
1234560262,Francis,Sikes,9805889197,,,334000
1234560263,Minerva,Giles,9805889198,,,466000
1234560264,Nikki,Iskra,9805889199,,,325000
1234560265,Lore,Coil,9805889200,,,221000
1234560266,Marlena,Craner,9805889201,,,371000
1234560267,Darius,Trojacek,9805889202,,,257000
1234560268,Sade,Gasaway,9805889203,,,243000
1234560269,Sybil,Rahman,9805889204,,,419000
1234560270,Zoraida,Sumner,9805889205,,,245000
1234560271,Raina,Mccrae,9805889206,,,475000
1234560272,Elsa,Mcspadden,9805889207,,,246000
1234560273,Bernadine,Chung,9805889208,,,180000
1234560274,Francie,Frase,9805889209,,,277000
1234560275,Mariana,Vavra,9805889210,,,423000
1234560276,Nakita,Primer,9805889211,,,314000
1234560277,Aletha,Hardesty,9805889212,,,176000
1234560278,Dwain,Sargeant,9805889213,,,498000
1234560279,Thea,Hubbs,9805889214,,,419000
1234560280,Caleb,Peters,9805889215,,,249000
1234560281,Sparkle,Kaestner,9805889216,,,225000
1234560282,Narcisa,Hsieh,9805889217,,,447000
1234560283,Sherwood,Vanalstyne,9805889218,,,181000
1234560284,Jeanice,Joy,9805889219,,,496000
1234560285,Bert,Riter,9805889220,,,227000
1234560286,Dorotha,Aldinger,9805889221,,,222000
1234560287,Anisha,Thomson,9805889222,,,229000
1234560288,Rufus,Amerine,9805889223,,,244000
1234560289,Roslyn,Alaimo,9805889224,,,101000
1234560290,Noelle,Raybon,9805889225,,,422000
1234560291,Shanae,Hanger,9805889226,,,373000
1234560292,William,Hopf,9805889227,,,207000
1234560293,Adolfo,Bella,9805889228,,,133000
1234560294,Xenia,Schubert,9805889229,,,273000
1234560295,Brenton,Tokarski,9805889230,,,235000
1234560296,Hal,Bender,9805889231,,,119000
1234560297,Geraldine,Border,9805889232,,,357000
1234560298,Setsuko,Pardo,9805889233,,,267000
1234560299,Meghan,Sydnor,9805889234,,,500000
1234560300,Lavern,Gard,9805889235,,,185000
1234560301,Cyrus,Beckham,9805889236,,,192000
1234560302,Leeanne,Fortunato,9805889237,,,384000
1234560303,Nilda,Deyoung,9805889238,,,141000
1234560304,Marylee,Greenburg,9805889239,,,274000
1234560305,Gay,Aubert,9805889240,,,480000
1234560306,Janel,Carley,9805889241,,,270000
1234560307,Damaris,Nestle,9805889242,,,355000
1234560308,Jeanine,Hoerr,9805889243,,,216000
1234560309,Wiley,Scotto,9805889244,,,420000
1234560310,Dian,Cobian,9805889245,,,167000
1234560311,Brendan,Zilnicki,9805889246,,,255000
1234560312,Mana,Seegmiller,9805889247,,,455000
1234560313,Flavia,Nitta,9805889248,,,205000
1234560314,Humberto,Ware,9805889249,,,322000
1234560315,Ned,Permenter,9805889250,,,191000
1234560316,Albertina,Junkin,9805889251,,,465000
1234560317,Rosia,Duron,9805889252,,,268000
1234560318,Kena,Stallings,9805889253,,,188000
1234560319,Lolita,Pringle,9805889254,,,367000
1234560320,Kristen,Gilley,9805889255,,,485000
1234560321,Genaro,Koga,9805889256,,,286000
1234560322,Suzanna,Putman,9805889257,,,135000
